number,region,vehicle_type
Т623С,146,Грузовой автомобиль
Р999С,153,Грузовой автомобиль
Е989Е,04,Легковой автомобиль
М415В,190,Грузовой автомобиль
6392АВ,178,Мотоцикл
5006ВМ,185,Мотоцикл
5995СК,37,Мотоцикл
Е360Е,94,Легковой автомобиль
9197РА,67,Мотоцикл
М244А,179,Легковой автомобиль
С652В,161,Грузовой автомобиль
О906К,35,Легковой автомобиль
Х352У,179,Грузовой автомобиль
О956Н,196,Грузовой автомобиль
А319К,113,Грузовой автомобиль
Т786Е,01,Легковой автомобиль
9604РС,10,Мотоцикл
А680Х,132,Легковой автомобиль
Р664Х,107,Грузовой автомобиль
Х412Р,195,Грузовой автомобиль
Р920О,175,Легковой автомобиль
2950ЕЕ,35,Мотоцикл
В926Т,110,Легковой автомобиль
К903Р,155,Легковой автомобиль
0267ТУ,23,Мотоцикл
Р559У,64,Грузовой автомобиль
6413АС,166,Мотоцикл
О266У,122,Грузовой автомобиль
4474СА,10,Мотоцикл
Т341У,170,Легковой автомобиль
М116М,61,Легковой автомобиль
У432С,72,Грузовой автомобиль
Х788Р,137,Грузовой автомобиль
О258К,186,Легковой автомобиль
5483РН,111,Мотоцикл
Р242Р,107,Легковой автомобиль
8774КМ,146,Мотоцикл
А069Н,133,Легковой автомобиль
Н705Р,131,Легковой автомобиль
Н053Х,136,Грузовой автомобиль
Н702С,06,Легковой автомобиль
9643АТ,198,Мотоцикл
Р281О,50,Грузовой автомобиль
2515РО,136,Мотоцикл
С407О,166,Легковой автомобиль
3387ВР,69,Мотоцикл
Е615К,64,Грузовой автомобиль
Т223В,19,Грузовой автомобиль
Р498Е,162,Легковой автомобиль
М010Е,172,Легковой автомобиль
К098Х,194,Грузовой автомобиль
9743РХ,140,Мотоцикл
Е639У,65,Грузовой автомобиль
О745Е,185,Грузовой автомобиль
У606У,128,Грузовой автомобиль
С135У,74,Грузовой автомобиль
7867РК,92,Мотоцикл
5844ВТ,172,Мотоцикл
А171У,192,Грузовой автомобиль
3467АС,175,Мотоцикл
Н985С,127,Грузовой автомобиль
2408СН,132,Мотоцикл
Х712С,07,Грузовой автомобиль
А478А,168,Легковой автомобиль
1367ОУ,164,Мотоцикл
3566УМ,158,Мотоцикл
6946ТО,135,Мотоцикл
С572Е,107,Легковой автомобиль
6580МС,198,Мотоцикл
4758ТВ,131,Мотоцикл
4611НМ,195,Мотоцикл
Т470К,81,Легковой автомобиль
У616У,18,Легковой автомобиль
0566ОТ,35,Мотоцикл
К520С,42,Грузовой автомобиль
С022О,32,Легковой автомобиль
6381ХС,153,Мотоцикл
Х355Т,198,Грузовой автомобиль
Х348Н,189,Грузовой автомобиль
Р615О,17,Легковой автомобиль
Р707У,116,Легковой автомобиль
А926М,24,Грузовой автомобиль
О038С,40,Легковой автомобиль
8692ОС,22,Мотоцикл
В278О,153,Легковой автомобиль
Е041О,116,Легковой автомобиль
1945ТХ,144,Мотоцикл
С556К,182,Легковой автомобиль
М577С,186,Легковой автомобиль
1009КА,149,Мотоцикл
0536СО,55,Мотоцикл
М750Х,157,Легковой автомобиль
К528С,58,Грузовой автомобиль
Е950К,46,Легковой автомобиль
А467Х,151,Легковой автомобиль
1976УТ,86,Мотоцикл
М217Е,86,Грузовой автомобиль
6625ВХ,97,Мотоцикл
6360ОР,44,Мотоцикл
У373О,98,Легковой автомобиль
1255ТО,50,Мотоцикл
0576СА,21,Мотоцикл
К945О,48,Легковой автомобиль
О203Х,85,Грузовой автомобиль
1833АО,127,Мотоцикл
Н044М,189,Легковой автомобиль
Н627А,93,Легковой автомобиль
У196Т,199,Грузовой автомобиль
К733О,139,Легковой автомобиль
С952Е,38,Грузовой автомобиль
Т828Н,169,Грузовой автомобиль
0320УМ,115,Мотоцикл
7033ТУ,87,Мотоцикл
К377Р,63,Легковой автомобиль
Р546О,37,Легковой автомобиль
Н104Н,48,Легковой автомобиль
Т243Е,156,Грузовой автомобиль
Н549О,107,Грузовой автомобиль
М989Е,153,Грузовой автомобиль
3207МО,54,Мотоцикл
Н114Н,169,Грузовой автомобиль
О708Х,190,Грузовой автомобиль
С576Т,22,Легковой автомобиль
Е036Х,187,Грузовой автомобиль
Н344К,55,Грузовой автомобиль
Е800О,71,Грузовой автомобиль
Н267Т,90,Грузовой автомобиль
Т107М,37,Легковой автомобиль
Х407Н,10,Грузовой автомобиль
Т878М,125,Легковой автомобиль
О020Р,91,Легковой автомобиль
Р041М,140,Легковой автомобиль
Т713В,71,Легковой автомобиль
У530Т,159,Грузовой автомобиль
Х764У,67,Грузовой автомобиль
Х945С,77,Грузовой автомобиль
0410ВМ,169,Мотоцикл
К635С,186,Грузовой автомобиль
А625С,20,Грузовой автомобиль
А962К,150,Легковой автомобиль
А026Е,36,Легковой автомобиль
С552С,15,Грузовой автомобиль
Т030Х,08,Грузовой автомобиль
У628Е,37,Легковой автомобиль
Е872Х,40,Грузовой автомобиль
Е556В,146,Легковой автомобиль
4603ВТ,36,Мотоцикл
3202НА,41,Мотоцикл
К139У,161,Легковой автомобиль
У021О,137,Грузовой автомобиль
6902ЕР,64,Мотоцикл
3948ТМ,99,Мотоцикл
О245Н,181,Легковой автомобиль
9664НС,159,Мотоцикл
Е645Р,79,Легковой автомобиль
3159РХ,38,Мотоцикл
К989А,110,Легковой автомобиль
5177УВ,147,Мотоцикл
У734Х,50,Легковой автомобиль
В747Р,92,Легковой автомобиль
С850К,169,Легковой автомобиль
Т660Т,83,Легковой автомобиль
3387КР,108,Мотоцикл
8788ХВ,136,Мотоцикл
К143Н,24,Легковой автомобиль
1046ММ,55,Мотоцикл
2683РХ,17,Мотоцикл
8667ХК,168,Мотоцикл
5620ОУ,19,Мотоцикл
С174Р,25,Грузовой автомобиль
С411Х,164,Легковой автомобиль
В986С,34,Легковой автомобиль
7658МА,181,Мотоцикл
У712Е,111,Легковой автомобиль
8614КЕ,35,Мотоцикл
5192УМ,132,Мотоцикл
М295Е,158,Легковой автомобиль
5788КУ,120,Мотоцикл
8133ЕМ,79,Мотоцикл
У813Е,197,Легковой автомобиль
С391Е,20,Легковой автомобиль
6927ММ,151,Мотоцикл
7887КС,27,Мотоцикл
8319ЕО,93,Мотоцикл
М504У,105,Грузовой автомобиль
Х824В,63,Легковой автомобиль
Р279К,138,Легковой автомобиль
2046ХУ,76,Мотоцикл
5603АС,134,Мотоцикл
4805АВ,171,Мотоцикл
3900АР,87,Мотоцикл
С254А,138,Грузовой автомобиль
Н684Н,179,Грузовой автомобиль
Х814О,51,Грузовой автомобиль
Х775М,137,Легковой автомобиль
Н715С,37,Грузовой автомобиль
О665Н,41,Грузовой автомобиль
Т229К,25,Легковой автомобиль
Т135А,58,Легковой автомобиль
С483Н,170,Легковой автомобиль
4239ЕР,25,Мотоцикл
7450МХ,126,Мотоцикл
Н811У,196,Легковой автомобиль
1145СВ,106,Мотоцикл
В191О,82,Легковой автомобиль
9099КР,176,Мотоцикл
9326НХ,53,Мотоцикл
В228У,131,Легковой автомобиль
А440М,16,Легковой автомобиль
2013ХК,35,Мотоцикл
Е734А,43,Грузовой автомобиль
А907Т,16,Грузовой автомобиль
О858У,145,Легковой автомобиль
М235Х,63,Легковой автомобиль
У783С,161,Грузовой автомобиль
7596СР,11,Мотоцикл
4366РВ,63,Мотоцикл
М956Т,21,Грузовой автомобиль
М541М,82,Легковой автомобиль
Н542В,70,Легковой автомобиль
Х769К,155,Грузовой автомобиль
Т759О,55,Грузовой автомобиль
2542УА,127,Мотоцикл
В793Х,73,Легковой автомобиль
9906НО,123,Мотоцикл
Р722Е,47,Грузовой автомобиль
К861Р,27,Легковой автомобиль
В745Е,192,Легковой автомобиль
8732УА,65,Мотоцикл
В090О,87,Легковой автомобиль
9836УО,48,Мотоцикл
У857У,11,Грузовой автомобиль
М081Е,70,Легковой автомобиль
0671СК,184,Мотоцикл
М905У,143,Грузовой автомобиль
2544КХ,159,Мотоцикл
0395СР,02,Мотоцикл
К382Т,140,Легковой автомобиль
В635Х,19,Легковой автомобиль
К337С,44,Грузовой автомобиль
5154НЕ,34,Мотоцикл
6724УК,176,Мотоцикл
Х502Т,02,Легковой автомобиль
7170ЕО,81,Мотоцикл
5777ОР,175,Мотоцикл
К882У,14,Легковой автомобиль
Е359Р,126,Легковой автомобиль
С792В,69,Грузовой автомобиль
С660Х,73,Легковой автомобиль
А216В,54,Легковой автомобиль
3590НТ,76,Мотоцикл
О347У,152,Грузовой автомобиль
Н611А,41,Грузовой автомобиль
У559В,82,Легковой автомобиль
К638У,22,Легковой автомобиль
Е014У,14,Грузовой автомобиль
6374АЕ,123,Мотоцикл
Н472Х,21,Грузовой автомобиль
6672АХ,135,Мотоцикл
7071АО,01,Мотоцикл
М230Р,79,Легковой автомобиль
С666Х,48,Грузовой автомобиль
4273КХ,64,Мотоцикл
Е743О,159,Легковой автомобиль
Н027К,139,Грузовой автомобиль
У753Х,110,Легковой автомобиль
2674ВК,109,Мотоцикл
О667О,66,Легковой автомобиль
8577СВ,112,Мотоцикл
А274У,09,Грузовой автомобиль
0110ТЕ,106,Мотоцикл
А514А,136,Грузовой автомобиль
0937РО,141,Мотоцикл
2479АТ,95,Мотоцикл
Н058О,136,Грузовой автомобиль
М413А,64,Легковой автомобиль
Т550Т,169,Грузовой автомобиль
Х129Н,108,Грузовой автомобиль
М134Р,61,Грузовой автомобиль
4621ЕЕ,72,Мотоцикл
0869ЕЕ,176,Мотоцикл
Н147Н,03,Грузовой автомобиль
8229СМ,172,Мотоцикл
Р595У,09,Легковой автомобиль
В743Х,76,Легковой автомобиль
А581Р,181,Легковой автомобиль
У737А,24,Легковой автомобиль
Е585К,94,Легковой автомобиль
Р882Т,142,Легковой автомобиль
Х620В,43,Грузовой автомобиль
К387Р,36,Легковой автомобиль
В147К,20,Легковой автомобиль
4718ТМ,115,Мотоцикл
А839А,40,Легковой автомобиль
5419РХ,95,Мотоцикл
К549У,190,Легковой автомобиль
Р880Т,75,Грузовой автомобиль
А979С,126,Грузовой автомобиль
Р087К,146,Грузовой автомобиль
Т533К,197,Грузовой автомобиль
Р045Н,119,Легковой автомобиль
0868УР,160,Мотоцикл
Т380У,87,Легковой автомобиль
5537ТН,33,Мотоцикл
Т744О,61,Легковой автомобиль
Н941С,168,Грузовой автомобиль
О374К,07,Грузовой автомобиль
В583А,102,Легковой автомобиль
Р466Н,120,Грузовой автомобиль
Р205У,13,Легковой автомобиль
1810СВ,111,Мотоцикл
У405А,10,Грузовой автомобиль
В786В,160,Грузовой автомобиль
1362ВН,15,Мотоцикл
9764УУ,86,Мотоцикл
Н072Е,135,Легковой автомобиль
Н947Е,145,Грузовой автомобиль
Х669Х,05,Грузовой автомобиль
К412Х,47,Легковой автомобиль
9865СА,84,Мотоцикл
Р222Н,04,Грузовой автомобиль
3165ЕН,133,Мотоцикл
М214Т,91,Грузовой автомобиль
М712Е,158,Грузовой автомобиль
Е939Е,83,Легковой автомобиль
6983СУ,127,Мотоцикл
Х827Р,178,Грузовой автомобиль
Р838А,171,Легковой автомобиль
Е537Е,176,Грузовой автомобиль
К116В,135,Грузовой автомобиль
Р285Х,93,Легковой автомобиль
Н706А,04,Легковой автомобиль
1548НМ,113,Мотоцикл
Р463В,82,Легковой автомобиль
6334КМ,33,Мотоцикл
М017У,08,Грузовой автомобиль
М123В,171,Грузовой автомобиль
О528Т,185,Легковой автомобиль
У503Е,86,Легковой автомобиль
Т979К,73,Легковой автомобиль
А741Р,54,Грузовой автомобиль
5045ЕК,144,Мотоцикл
9515АЕ,86,Мотоцикл
С200А,143,Легковой автомобиль
3721МН,14,Мотоцикл
Р994С,199,Легковой автомобиль
Н377Т,98,Легковой автомобиль
4676НМ,34,Мотоцикл
4907ХТ,77,Мотоцикл
С058К,115,Грузовой автомобиль
9415РТ,134,Мотоцикл
8185ВН,119,Мотоцикл
5385МР,91,Мотоцикл
Х335К,95,Легковой автомобиль
О887Е,77,Легковой автомобиль
В162Р,197,Грузовой автомобиль
У954Е,32,Легковой автомобиль
Т073К,87,Грузовой автомобиль
4366МТ,86,Мотоцикл
О181Х,146,Легковой автомобиль
О235С,76,Грузовой автомобиль
М919М,92,Грузовой автомобиль
2730ЕО,103,Мотоцикл
К988У,17,Легковой автомобиль
1636НВ,81,Мотоцикл
4992ХС,112,Мотоцикл
В472А,154,Легковой автомобиль
1476МК,120,Мотоцикл
6943МХ,75,Мотоцикл
В266О,184,Грузовой автомобиль
М209Е,132,Легковой автомобиль
7903ВА,178,Мотоцикл
В729Н,193,Грузовой автомобиль
У042С,180,Легковой автомобиль
6864НТ,106,Мотоцикл
Н778В,67,Легковой автомобиль
9995ЕР,44,Мотоцикл
Е751У,194,Грузовой автомобиль
Р394У,155,Грузовой автомобиль
8997ХА,44,Мотоцикл
Т727С,132,Легковой автомобиль
В178В,137,Легковой автомобиль
5154МУ,10,Мотоцикл
7380АК,110,Мотоцикл
Е823Х,166,Грузовой автомобиль
Х390Е,150,Легковой автомобиль
Х560С,195,Грузовой автомобиль
В427У,111,Легковой автомобиль
Н785В,76,Легковой автомобиль
7321ЕН,11,Мотоцикл
О993К,168,Грузовой автомобиль
8137СТ,181,Мотоцикл
3649ЕУ,163,Мотоцикл
В872Т,199,Легковой автомобиль
Н342С,10,Грузовой автомобиль
2015ХВ,39,Мотоцикл
Р413Х,127,Легковой автомобиль
7082КС,186,Мотоцикл
6256ВО,99,Мотоцикл
В189В,196,Грузовой автомобиль
К284В,33,Легковой автомобиль
2225КН,191,Мотоцикл
В104А,47,Грузовой автомобиль
Р991А,61,Грузовой автомобиль
0909КС,30,Мотоцикл
О214Н,24,Легковой автомобиль
Е540К,69,Грузовой автомобиль
Т663Р,111,Легковой автомобиль
7772ТТ,47,Мотоцикл
Н104В,137,Легковой автомобиль
А311Н,16,Грузовой автомобиль
С082С,14,Легковой автомобиль
А269А,01,Грузовой автомобиль
3553МА,35,Мотоцикл
Н278Н,189,Легковой автомобиль
Т304Х,81,Грузовой автомобиль
В877М,01,Легковой автомобиль
9935МВ,84,Мотоцикл
Н141Н,192,Грузовой автомобиль
М360М,38,Легковой автомобиль
К744Н,66,Легковой автомобиль
Х414О,113,Грузовой автомобиль
У113В,01,Легковой автомобиль
Р762У,178,Грузовой автомобиль
9492ВК,88,Мотоцикл
А401А,150,Легковой автомобиль
9455ЕО,138,Мотоцикл
9189КУ,09,Мотоцикл
1010ВС,179,Мотоцикл
1488МУ,162,Мотоцикл
Т049С,103,Грузовой автомобиль
2424ХО,94,Мотоцикл
1849НО,67,Мотоцикл
5368РТ,97,Мотоцикл
О722В,124,Легковой автомобиль
6144ВЕ,154,Мотоцикл
9827МХ,75,Мотоцикл
М025Р,39,Грузовой автомобиль
Р782Е,189,Грузовой автомобиль
К835А,62,Грузовой автомобиль
М283У,93,Легковой автомобиль
Е592Т,120,Грузовой автомобиль
К114Т,128,Грузовой автомобиль
5192НС,125,Мотоцикл
Н425К,145,Легковой автомобиль
8688АН,33,Мотоцикл
А569М,165,Грузовой автомобиль
М764Т,184,Легковой автомобиль
Х349Р,46,Легковой автомобиль
Р121Р,111,Легковой автомобиль
М952О,16,Легковой автомобиль
С280Н,122,Легковой автомобиль
К256Н,166,Легковой автомобиль
С901М,104,Грузовой автомобиль
2247КХ,07,Мотоцикл
Х489А,12,Грузовой автомобиль
8429АМ,114,Мотоцикл
Е424М,196,Легковой автомобиль
Х008М,103,Грузовой автомобиль
Е524Е,53,Грузовой автомобиль
Е347Х,137,Грузовой автомобиль
В190В,157,Легковой автомобиль
Р142А,16,Легковой автомобиль
1053УТ,189,Мотоцикл
Х077Е,54,Грузовой автомобиль
Т089А,77,Легковой автомобиль
Х437Е,06,Легковой автомобиль
7864АС,55,Мотоцикл
О854Н,14,Легковой автомобиль
У163Н,107,Грузовой автомобиль
3534НУ,190,Мотоцикл
Х290М,49,Легковой автомобиль
У856А,184,Грузовой автомобиль
М058В,57,Грузовой автомобиль
Р876Т,136,Грузовой автомобиль
Е704Е,03,Легковой автомобиль
Е102Е,77,Грузовой автомобиль
4745АЕ,89,Мотоцикл
В862Т,99,Легковой автомобиль
К338В,58,Грузовой автомобиль
0411ВС,97,Мотоцикл
0981АЕ,92,Мотоцикл
У172К,90,Легковой автомобиль
К489М,184,Грузовой автомобиль
Х688С,163,Легковой автомобиль
М717А,184,Легковой автомобиль
1483ОК,193,Мотоцикл
0842УА,176,Мотоцикл
4291РЕ,34,Мотоцикл
1182ЕР,87,Мотоцикл
3987ЕР,116,Мотоцикл
5629АУ,136,Мотоцикл
9137ВР,188,Мотоцикл
Р154А,14,Легковой автомобиль
У552Т,189,Легковой автомобиль
Т767Е,160,Грузовой автомобиль
К161Е,96,Легковой автомобиль
Е520М,170,Легковой автомобиль
4360ОК,79,Мотоцикл
Р830Р,68,Грузовой автомобиль
Н119С,183,Грузовой автомобиль
Е174Х,85,Легковой автомобиль
Е181Х,140,Легковой автомобиль
9004ЕУ,175,Мотоцикл
1547РО,151,Мотоцикл
7181ТО,167,Мотоцикл
7985ОХ,40,Мотоцикл
Х427А,08,Грузовой автомобиль
О233О,68,Легковой автомобиль
С227Х,44,Легковой автомобиль
Т382У,97,Легковой автомобиль
О717О,44,Легковой автомобиль
К358Е,64,Легковой автомобиль
Х360Р,105,Легковой автомобиль
Р635М,07,Легковой автомобиль
Р927Н,151,Легковой автомобиль
А519О,168,Легковой автомобиль
О082Е,171,Грузовой автомобиль
9116ХС,28,Мотоцикл
0306УТ,178,Мотоцикл
В820Е,169,Легковой автомобиль
Т090Е,105,Легковой автомобиль
Е118Х,65,Легковой автомобиль
1616ЕО,156,Мотоцикл
М833У,143,Грузовой автомобиль
Х865Н,40,Легковой автомобиль
4911НХ,89,Мотоцикл
В668М,55,Грузовой автомобиль
У283Х,99,Легковой автомобиль
Р297Т,156,Легковой автомобиль
Х291Н,75,Легковой автомобиль
9967СС,137,Мотоцикл
У000Е,155,Грузовой автомобиль
С713Р,97,Легковой автомобиль
2373ЕЕ,181,Мотоцикл
6366СВ,54,Мотоцикл
4431ВА,09,Мотоцикл
6281УО,81,Мотоцикл
В663Р,188,Грузовой автомобиль
2195ТО,188,Мотоцикл
М020М,04,Грузовой автомобиль
7362МВ,183,Мотоцикл
О084М,21,Грузовой автомобиль
С360С,46,Легковой автомобиль
2942УМ,176,Мотоцикл
У069Р,73,Грузовой автомобиль
Е920С,59,Легковой автомобиль
У165Т,58,Грузовой автомобиль
К266Т,68,Грузовой автомобиль
Т596Е,61,Грузовой автомобиль
9355ХС,09,Мотоцикл
Р591Т,161,Грузовой автомобиль
0925СЕ,63,Мотоцикл
Т344М,165,Легковой автомобиль
9940АР,63,Мотоцикл
6652УВ,115,Мотоцикл
К768У,30,Легковой автомобиль
4068ТК,124,Мотоцикл
К228В,135,Грузовой автомобиль
К084А,12,Легковой автомобиль
9027АР,156,Мотоцикл
1721ЕР,170,Мотоцикл
6215СС,83,Мотоцикл
8205РА,18,Мотоцикл
Е591С,76,Легковой автомобиль
У240В,20,Грузовой автомобиль
1373МВ,142,Мотоцикл
4554РР,78,Мотоцикл
У213Н,119,Грузовой автомобиль
4687МВ,86,Мотоцикл
А981Р,191,Грузовой автомобиль
8595ОН,173,Мотоцикл
К252Р,189,Грузовой автомобиль
М306У,183,Грузовой автомобиль
М839М,119,Легковой автомобиль
Е473Е,53,Грузовой автомобиль
М449Т,41,Грузовой автомобиль
К487Х,140,Легковой автомобиль
Р339У,158,Легковой автомобиль
К261К,108,Легковой автомобиль
М101В,97,Грузовой автомобиль
К090В,189,Грузовой автомобиль
Н061Н,184,Грузовой автомобиль
А870С,164,Грузовой автомобиль
К449А,137,Грузовой автомобиль
К410В,44,Грузовой автомобиль
В222Н,103,Легковой автомобиль
2305ЕО,185,Мотоцикл
В530У,22,Грузовой автомобиль
Т096О,10,Грузовой автомобиль
1418ЕО,11,Мотоцикл
Н539О,99,Грузовой автомобиль
5012АТ,166,Мотоцикл
К313К,130,Легковой автомобиль
А548Н,197,Грузовой автомобиль
С765С,147,Грузовой автомобиль
3024УН,67,Мотоцикл
Т481У,170,Грузовой автомобиль
0426АН,103,Мотоцикл
А277М,187,Легковой автомобиль
2918ОР,105,Мотоцикл
6968ЕС,179,Мотоцикл
А328У,161,Грузовой автомобиль
6044ХМ,183,Мотоцикл
А449М,41,Грузовой автомобиль
У886Т,71,Грузовой автомобиль
Р493А,176,Грузовой автомобиль
2233ХА,19,Мотоцикл
Р578В,50,Грузовой автомобиль
М093У,109,Грузовой автомобиль
Р688Х,110,Легковой автомобиль
В374А,56,Легковой автомобиль
Е213К,48,Легковой автомобиль
4678ЕУ,63,Мотоцикл
6871ОЕ,78,Мотоцикл
К886С,51,Легковой автомобиль
У972А,59,Легковой автомобиль
Т325Т,40,Грузовой автомобиль
К801Н,39,Легковой автомобиль
Н176Т,07,Легковой автомобиль
А119У,121,Грузовой автомобиль
9067АА,19,Мотоцикл
А851А,93,Грузовой автомобиль
У623В,117,Грузовой автомобиль
6722СХ,36,Мотоцикл
О596С,21,Легковой автомобиль
С265С,24,Грузовой автомобиль
4388КА,81,Мотоцикл
О282А,96,Грузовой автомобиль
1566ВХ,80,Мотоцикл
6290АН,56,Мотоцикл
4496ОР,153,Мотоцикл
В266К,07,Грузовой автомобиль
М648Х,36,Легковой автомобиль
2711НР,98,Мотоцикл
4815УМ,65,Мотоцикл
3285УЕ,12,Мотоцикл
А079Е,143,Грузовой автомобиль
У472А,176,Легковой автомобиль
У998Т,147,Легковой автомобиль
2598ТМ,196,Мотоцикл
В259В,138,Грузовой автомобиль
Н079О,52,Легковой автомобиль
Н726О,139,Легковой автомобиль
9048ОУ,47,Мотоцикл
0820ХС,117,Мотоцикл
Р274М,184,Легковой автомобиль
Н022О,28,Грузовой автомобиль
В051А,95,Грузовой автомобиль
С590К,176,Легковой автомобиль
2172ХМ,15,Мотоцикл
Р188О,58,Легковой автомобиль
9022ХК,08,Мотоцикл
0179АР,43,Мотоцикл
А354У,07,Легковой автомобиль
1371ТС,33,Мотоцикл
Н049К,144,Грузовой автомобиль
6613ХР,187,Мотоцикл
О504К,120,Легковой автомобиль
Х476С,48,Легковой автомобиль
М561Н,153,Легковой автомобиль
Н232В,53,Легковой автомобиль
8578СА,186,Мотоцикл
С171Р,163,Легковой автомобиль
С057А,71,Легковой автомобиль
Х539С,182,Грузовой автомобиль
А791Р,145,Грузовой автомобиль
2608ЕМ,178,Мотоцикл
3802КА,51,Мотоцикл
5239КВ,95,Мотоцикл
Х303К,126,Легковой автомобиль
Р424М,182,Грузовой автомобиль
К960Н,03,Легковой автомобиль
3897ЕН,138,Мотоцикл
3869СО,114,Мотоцикл
9709НМ,117,Мотоцикл
Е610С,153,Легковой автомобиль
А668М,149,Грузовой автомобиль
Т417М,179,Легковой автомобиль
7088ХТ,189,Мотоцикл
А529М,152,Грузовой автомобиль
У690Х,26,Легковой автомобиль
С024О,09,Легковой автомобиль
Р969В,173,Грузовой автомобиль
Р671Р,90,Грузовой автомобиль
8095ХО,125,Мотоцикл
В099С,131,Грузовой автомобиль
Е315С,32,Грузовой автомобиль
У498С,152,Легковой автомобиль
У337О,05,Легковой автомобиль
О885С,24,Легковой автомобиль
Е917Р,151,Легковой автомобиль
А028У,41,Легковой автомобиль
Т626Х,181,Легковой автомобиль
Н423У,188,Грузовой автомобиль
3316КН,145,Мотоцикл
А478Е,157,Легковой автомобиль
А093С,179,Легковой автомобиль
9715УМ,94,Мотоцикл
2717НС,184,Мотоцикл
В340Т,134,Грузовой автомобиль
А831Х,106,Легковой автомобиль
С428У,182,Легковой автомобиль
У333С,44,Грузовой автомобиль
У889У,175,Легковой автомобиль
О023С,125,Легковой автомобиль
О345Р,98,Легковой автомобиль
Х157А,98,Легковой автомобиль
1020МХ,162,Мотоцикл
Х678А,77,Легковой автомобиль
Н045Е,171,Грузовой автомобиль
М216Х,192,Грузовой автомобиль
1434УМ,89,Мотоцикл
В330Е,88,Грузовой автомобиль
8299НК,106,Мотоцикл
А396Н,109,Легковой автомобиль
3751УТ,152,Мотоцикл
3254ВА,17,Мотоцикл
1469СТ,126,Мотоцикл
У027М,169,Грузовой автомобиль
Т218К,151,Грузовой автомобиль
О954Х,81,Легковой автомобиль
В976В,65,Грузовой автомобиль
С707В,43,Легковой автомобиль
У564Е,194,Легковой автомобиль
Е471А,88,Грузовой автомобиль
Т467Р,187,Грузовой автомобиль
9405РХ,02,Мотоцикл
Х773Е,132,Легковой автомобиль
С213Х,192,Легковой автомобиль
А739К,174,Легковой автомобиль
9072ВТ,146,Мотоцикл
6374КС,183,Мотоцикл
8932РУ,187,Мотоцикл
4712ЕВ,127,Мотоцикл
Т417К,103,Грузовой автомобиль
С719Х,38,Легковой автомобиль
8202АК,121,Мотоцикл
4889НЕ,48,Мотоцикл
О625Р,02,Грузовой автомобиль
А623А,169,Грузовой автомобиль
О049Х,50,Легковой автомобиль
Х625С,153,Грузовой автомобиль
М757М,12,Грузовой автомобиль
9064ТТ,22,Мотоцикл
Е076О,03,Легковой автомобиль
Т553А,161,Легковой автомобиль
8170УУ,40,Мотоцикл
1960УА,73,Мотоцикл
К293А,06,Грузовой автомобиль
Н849М,62,Легковой автомобиль
4987ХС,111,Мотоцикл
С027А,165,Грузовой автомобиль
Р891К,189,Легковой автомобиль
Р469Е,169,Легковой автомобиль
Т948Н,147,Грузовой автомобиль
Н311В,48,Грузовой автомобиль
Т459М,46,Легковой автомобиль
Е639К,168,Грузовой автомобиль
О918Е,32,Грузовой автомобиль
4649ХМ,165,Мотоцикл
2476МУ,164,Мотоцикл
1385ХЕ,192,Мотоцикл
Н275Н,50,Грузовой автомобиль
С548М,73,Легковой автомобиль
У609М,107,Легковой автомобиль
У076К,120,Легковой автомобиль
А276Е,61,Грузовой автомобиль
5685ЕА,108,Мотоцикл
Х119У,77,Грузовой автомобиль
Т854К,11,Грузовой автомобиль
Т959Е,132,Легковой автомобиль
О623К,151,Легковой автомобиль
8920ОХ,143,Мотоцикл
Е103Х,50,Легковой автомобиль
9609ХН,06,Мотоцикл
1644СС,167,Мотоцикл
4657УС,08,Мотоцикл
С418К,19,Легковой автомобиль
В021Т,08,Грузовой автомобиль
С885Е,160,Грузовой автомобиль
У690У,19,Легковой автомобиль
К545О,192,Легковой автомобиль
2954АА,158,Мотоцикл
А458В,59,Грузовой автомобиль
7976РС,193,Мотоцикл
5675УС,07,Мотоцикл
Х464К,185,Легковой автомобиль
0467МА,125,Мотоцикл
4879КВ,102,Мотоцикл
У083В,105,Грузовой автомобиль
9397КХ,154,Мотоцикл
Р960О,96,Легковой автомобиль
С682Х,72,Легковой автомобиль
4275ЕВ,147,Мотоцикл
В576У,158,Легковой автомобиль
Т950М,189,Легковой автомобиль
1881ХК,85,Мотоцикл
Е076К,114,Легковой автомобиль
2325КС,167,Мотоцикл
3592РТ,149,Мотоцикл
А128О,84,Легковой автомобиль
Х679О,147,Грузовой автомобиль
Р502Р,59,Легковой автомобиль
Н299М,35,Грузовой автомобиль
А156А,61,Легковой автомобиль
3535ВН,21,Мотоцикл
9511ВМ,108,Мотоцикл
Н265А,35,Грузовой автомобиль
5204КА,134,Мотоцикл
Х024Е,98,Легковой автомобиль
4704ТК,191,Мотоцикл
Р699О,182,Легковой автомобиль
2866ВС,149,Мотоцикл
1172ОЕ,69,Мотоцикл
3413ТУ,55,Мотоцикл
0766МН,124,Мотоцикл
8699ХР,25,Мотоцикл
А326М,143,Грузовой автомобиль
1065МО,182,Мотоцикл
Х681Т,190,Легковой автомобиль
Р733С,82,Легковой автомобиль
4541МК,112,Мотоцикл
5362ХТ,60,Мотоцикл
Р996С,161,Грузовой автомобиль
Е938Х,137,Грузовой автомобиль
О794Х,94,Легковой автомобиль
0298МХ,94,Мотоцикл
4949КТ,113,Мотоцикл
Р709Т,86,Легковой автомобиль
А437Н,84,Грузовой автомобиль
2791ВМ,127,Мотоцикл
Х895У,151,Грузовой автомобиль
6521УС,190,Мотоцикл
Т248Н,110,Грузовой автомобиль
В962Т,78,Грузовой автомобиль
М427Р,21,Легковой автомобиль
М841С,113,Легковой автомобиль
Н947А,50,Легковой автомобиль
Р340А,163,Легковой автомобиль
Р225Р,21,Грузовой автомобиль
А023Т,15,Грузовой автомобиль
5311ВО,07,Мотоцикл
Н781Х,19,Легковой автомобиль
9251ХХ,137,Мотоцикл
М874У,185,Грузовой автомобиль
О116У,26,Легковой автомобиль
Т773К,190,Легковой автомобиль
М706С,79,Легковой автомобиль
6520КО,171,Мотоцикл
6715ОС,162,Мотоцикл
К095В,23,Легковой автомобиль
0755ВО,35,Мотоцикл
М112Х,183,Легковой автомобиль
8591СУ,163,Мотоцикл
5388ХХ,46,Мотоцикл
Х352Р,49,Грузовой автомобиль
М432Н,49,Грузовой автомобиль
0856ЕУ,161,Мотоцикл
3023СТ,150,Мотоцикл
8486УР,14,Мотоцикл
7620ТС,186,Мотоцикл
5310ХС,130,Мотоцикл
Х854М,109,Грузовой автомобиль
2584КК,178,Мотоцикл
Т944М,172,Грузовой автомобиль
2699ВЕ,116,Мотоцикл
7381ТЕ,72,Мотоцикл
7565ВА,94,Мотоцикл
О316Х,34,Грузовой автомобиль
К297Х,08,Легковой автомобиль
А760Х,122,Грузовой автомобиль
Х316С,165,Легковой автомобиль
0582МЕ,46,Мотоцикл
М928С,68,Грузовой автомобиль
0251НХ,09,Мотоцикл
М695Т,133,Грузовой автомобиль
0028ТЕ,113,Мотоцикл
А445А,42,Легковой автомобиль
А196Е,105,Грузовой автомобиль
Е786М,154,Грузовой автомобиль
Т919С,172,Грузовой автомобиль
Н385В,111,Грузовой автомобиль
У906Р,34,Грузовой автомобиль
0625РТ,77,Мотоцикл
Р269С,01,Грузовой автомобиль
М972Р,114,Легковой автомобиль
Н503В,173,Легковой автомобиль
Т205В,105,Легковой автомобиль
О488Т,62,Грузовой автомобиль
1046ХХ,182,Мотоцикл
Н262В,183,Легковой автомобиль
Е992Т,158,Легковой автомобиль
С016А,46,Грузовой автомобиль
6760УН,67,Мотоцикл
А492М,185,Легковой автомобиль
Р742У,04,Легковой автомобиль
Р383А,160,Грузовой автомобиль
М597Р,78,Грузовой автомобиль
Н372У,80,Легковой автомобиль
0275АО,146,Мотоцикл
Е429О,54,Легковой автомобиль
В796А,170,Грузовой автомобиль
О418О,173,Грузовой автомобиль
К462Р,162,Легковой автомобиль
К677Р,144,Легковой автомобиль
У566Х,66,Легковой автомобиль
6217ЕК,169,Мотоцикл
Е903С,56,Грузовой автомобиль
Р087С,02,Грузовой автомобиль
5815НХ,116,Мотоцикл
О098У,165,Легковой автомобиль
В803Н,54,Легковой автомобиль
А638К,43,Легковой автомобиль
О931Т,33,Грузовой автомобиль
6954АЕ,183,Мотоцикл
Х990О,183,Легковой автомобиль
Н143К,69,Грузовой автомобиль
С605О,69,Легковой автомобиль
А375С,105,Грузовой автомобиль
9521СУ,93,Мотоцикл
В441О,105,Грузовой автомобиль
В853К,07,Легковой автомобиль
О373К,172,Грузовой автомобиль
6037ЕК,156,Мотоцикл
У136М,192,Грузовой автомобиль
7960ОМ,182,Мотоцикл
3127ХТ,01,Мотоцикл
Р827О,39,Легковой автомобиль
С248С,38,Грузовой автомобиль
Т380Е,117,Легковой автомобиль
С841К,170,Грузовой автомобиль
Х184У,92,Грузовой автомобиль
А752Х,24,Грузовой автомобиль
В592С,58,Грузовой автомобиль
Н678Р,94,Легковой автомобиль
Н442В,55,Грузовой автомобиль
Р264К,33,Грузовой автомобиль
С954Е,04,Грузовой автомобиль
А491К,21,Грузовой автомобиль
У849Р,83,Грузовой автомобиль
Т483Н,124,Грузовой автомобиль
9825ТВ,117,Мотоцикл
3395ЕЕ,27,Мотоцикл
С148У,132,Легковой автомобиль
М640Н,114,Грузовой автомобиль
О157В,131,Грузовой автомобиль
М270У,151,Грузовой автомобиль
Р654М,181,Грузовой автомобиль
5057МР,71,Мотоцикл
4703УН,72,Мотоцикл
У058В,93,Грузовой автомобиль
М686М,120,Грузовой автомобиль
К233Н,125,Легковой автомобиль
2079ХН,116,Мотоцикл
Т788В,13,Грузовой автомобиль
Р020С,18,Грузовой автомобиль
В949Х,170,Грузовой автомобиль
Р145Р,146,Грузовой автомобиль
7321КУ,141,Мотоцикл
М247М,195,Легковой автомобиль
М440С,75,Легковой автомобиль
1044АУ,124,Мотоцикл
У425О,28,Легковой автомобиль
4733ХА,42,Мотоцикл
В920К,186,Легковой автомобиль
1773ЕТ,90,Мотоцикл
С038У,185,Грузовой автомобиль
С990Е,77,Грузовой автомобиль
9388НТ,140,Мотоцикл
8762УУ,52,Мотоцикл
Е287М,40,Легковой автомобиль
6299ХВ,115,Мотоцикл
5375РР,59,Мотоцикл
У251Е,163,Легковой автомобиль
Т864К,150,Легковой автомобиль
К775Т,18,Грузовой автомобиль
0610РС,12,Мотоцикл
Т036С,94,Легковой автомобиль
М825Е,12,Грузовой автомобиль
8410НМ,05,Мотоцикл
С285К,64,Грузовой автомобиль
В202М,104,Легковой автомобиль
7209МА,180,Мотоцикл
У720Р,196,Грузовой автомобиль
А083А,09,Легковой автомобиль
С131О,58,Легковой автомобиль
6950СР,150,Мотоцикл
8778НС,105,Мотоцикл
М429А,11,Грузовой автомобиль
А333С,187,Легковой автомобиль
Т235Н,104,Грузовой автомобиль
9005ЕА,180,Мотоцикл
К298Х,74,Легковой автомобиль
В912Е,103,Легковой автомобиль
3358АР,130,Мотоцикл
1071КР,123,Мотоцикл
Р587Т,164,Грузовой автомобиль
М532Т,172,Легковой автомобиль
